{"cameraMode":{"drawMode":0,"name":"Shaded","section":"Shading Mode"},"sceneLighting":true,"audioPlay":false,"sceneViewState":{"showFog":true,"showMaterialUpdate":false,"showSkybox":true,"showFlares":true,"showImageEffects":true,"showParticleSystems":true},"in2DMode":false,"pivot":{"x":-4.48699951171875,"y":3.739999771118164,"z":-1.859999656677246},"rotation":{"x":0.22087761759757996,"y":-0.22298100590705872,"z":0.05195099115371704,"w":0.9480502009391785},"size":17.776823043823243,"orthographic":true}