{"cameraMode":{"drawMode":0,"name":"Shaded","section":"Shading Mode"},"sceneLighting":false,"audioPlay":false,"sceneViewState":{"showFog":true,"showMaterialUpdate":false,"showSkybox":true,"showFlares":true,"showImageEffects":true,"showParticleSystems":true},"in2DMode":false,"pivot":{"x":0.7880867719650269,"y":0.46369075775146487,"z":1.3280000686645508},"rotation":{"x":0.3061412274837494,"y":0.04006996005773544,"z":-0.012904651463031769,"w":0.9510614275932312},"size":7.625272274017334,"orthographic":true}