{"cameraMode":{"drawMode":0,"name":"Shaded","section":"Shading Mode"},"sceneLighting":true,"audioPlay":false,"sceneViewState":{"showFog":true,"showMaterialUpdate":false,"showSkybox":true,"showFlares":true,"showImageEffects":true,"showParticleSystems":true},"in2DMode":false,"pivot":{"x":-0.5869140625,"y":0.22998046875,"z":5.63427734375},"rotation":{"x":-0.10499395430088043,"y":0.8587793111801148,"z":-0.1951981633901596,"w":-0.46192052960395815},"size":4.707818031311035,"orthographic":true}