{"cameraMode":{"drawMode":0,"name":"Shaded","section":"Shading Mode"},"sceneLighting":false,"audioPlay":false,"sceneViewState":{"showFog":true,"showMaterialUpdate":false,"showSkybox":true,"showFlares":true,"showImageEffects":true,"showParticleSystems":true},"in2DMode":false,"pivot":{"x":9.398017883300782,"y":-3.55118465423584,"z":1.3280029296875},"rotation":{"x":0.3061412274837494,"y":0.04006996005773544,"z":-0.012904651463031769,"w":0.9510614275932312},"size":54.98200988769531,"orthographic":true}