{"cameraMode":{"drawMode":0,"name":"Shaded","section":"Shading Mode"},"sceneLighting":false,"audioPlay":false,"sceneViewState":{"showFog":true,"showMaterialUpdate":false,"showSkybox":true,"showFlares":true,"showImageEffects":true,"showParticleSystems":true},"in2DMode":false,"pivot":{"x":0.4017850160598755,"y":0.5461114645004273,"z":0.9096656441688538},"rotation":{"x":0.1668511927127838,"y":-0.791279137134552,"z":0.24737483263015748,"w":0.5337081551551819},"size":1.9701529741287232,"orthographic":true}