{"cameraMode":{"drawMode":0,"name":"Shaded","section":"Shading Mode"},"sceneLighting":false,"audioPlay":false,"sceneViewState":{"showFog":true,"showMaterialUpdate":false,"showSkybox":true,"showFlares":true,"showImageEffects":true,"showParticleSystems":true},"in2DMode":false,"pivot":{"x":0.0,"y":2.390000104904175,"z":1.7899999618530274},"rotation":{"x":-0.0312955267727375,"y":-0.7036606669425964,"z":-0.03105330467224121,"w":0.7091686725616455},"size":3.8477325439453127,"orthographic":true}