{"cameraMode":{"drawMode":0,"name":"Shaded","section":"Shading Mode"},"sceneLighting":false,"audioPlay":false,"sceneViewState":{"showFog":true,"showMaterialUpdate":false,"showSkybox":true,"showFlares":true,"showImageEffects":true,"showParticleSystems":true},"in2DMode":false,"pivot":{"x":0.33999499678611758,"y":0.0,"z":0.22499500215053559},"rotation":{"x":-0.07149183005094528,"y":0.9084973335266113,"z":-0.1740717589855194,"w":-0.3731227219104767},"size":1.3555357456207276,"orthographic":false}