{"cameraMode":{"drawMode":0,"name":"Shaded","section":"Shading Mode"},"sceneLighting":true,"audioPlay":false,"sceneViewState":{"showFog":false,"showMaterialUpdate":false,"showSkybox":false,"showFlares":false,"showImageEffects":false,"showParticleSystems":false},"in2DMode":false,"pivot":{"x":0.630000114440918,"y":4.159999847412109,"z":6.930000305175781},"rotation":{"x":0.036279819905757907,"y":-0.32663872838020327,"z":0.012548376806080342,"w":0.9443700909614563},"size":13.164742469787598,"orthographic":false}