{"cameraMode":{"drawMode":0,"name":"Shaded","section":"Shading Mode"},"sceneLighting":false,"audioPlay":false,"sceneViewState":{"showFog":false,"showMaterialUpdate":false,"showSkybox":false,"showFlares":false,"showImageEffects":false,"showParticleSystems":false},"in2DMode":false,"pivot":{"x":-0.15000000596046449,"y":0.7136539220809937,"z":4.179999828338623},"rotation":{"x":0.7518293857574463,"y":0.020752932876348497,"z":-0.023690465837717058,"w":0.6586052775382996},"size":3.254387617111206,"orthographic":false}