{"cameraMode":{"drawMode":0,"name":"Shaded","section":"Shading Mode"},"sceneLighting":true,"audioPlay":false,"sceneViewState":{"showFog":false,"showMaterialUpdate":false,"showSkybox":false,"showFlares":false,"showImageEffects":false,"showParticleSystems":false},"in2DMode":false,"pivot":{"x":-0.1950681209564209,"y":0.1308118999004364,"z":-1.3125625848770142},"rotation":{"x":0.046950165182352069,"y":-0.8417044281959534,"z":0.0741749256849289,"w":0.5327569842338562},"size":2.4452342987060549,"orthographic":false}