{"cameraMode":{"drawMode":0,"name":"Shaded","section":"Shading Mode"},"sceneLighting":false,"audioPlay":false,"sceneViewState":{"showFog":false,"showMaterialUpdate":false,"showSkybox":false,"showFlares":false,"showImageEffects":false,"showParticleSystems":false},"in2DMode":false,"pivot":{"x":0.3579998016357422,"y":0.0,"z":0.2429998219013214},"rotation":{"x":0.7518293857574463,"y":0.020752932876348497,"z":-0.023690465837717058,"w":0.6586052775382996},"size":1.4558292627334595,"orthographic":false}